title,url,time_published,authors,summary,banner_image,source,category_within_source,source_domain,topics,overall_sentiment_score,overall_sentiment_label,ticker_sentiment
"Apple's Car Launch To AI Race And In-House Batteries: Weekend Tech Roundup - Alphabet  ( NASDAQ:GOOGL ) , Apple  ( NASDAQ:AAPL ) ",https://www.benzinga.com/news/23/11/35740513/apples-car-launch-to-ai-race-and-in-house-batteries-weekend-tech-roundup,20231112T160030,['Benzinga Neuro'],"It seems like Apple Inc. AAPL was the star of the tech world over the week, with numerous developments and reports emerging about the Cupertino-based giant. From leading the race in artificial intelligence ( AI ) to potentially developing in-house batteries for future iPhones, Apple is making ...",https://cdn.benzinga.com/files/images/story/2023/Vancouver--Canada---Aug-6-2022--Apple-An.jpeg?width=1200&height=800&fit=crop,Benzinga,News,www.benzinga.com,"[{'topic': 'Technology', 'relevance_score': '0.5'}, {'topic': 'Finance', 'relevance_score': '0.5'}]",0.092183,Neutral,"[{'ticker': 'MSFT', 'relevance_score': '0.188928', 'ticker_sentiment_score': '0.202849', 'ticker_sentiment_label': 'Somewhat-Bullish'}, {'ticker': 'GOOG', 'relevance_score': '0.367412', 'ticker_sentiment_score': '0.213805', 'ticker_sentiment_label': 'Somewhat-Bullish'}, {'ticker': 'AAPL', 'relevance_score': '0.811403', 'ticker_sentiment_score': '0.096589', 'ticker_sentiment_label': 'Neutral'}, {'ticker': 'MS', 'relevance_score': '0.188928', 'ticker_sentiment_score': '0.202849', 'ticker_sentiment_label': 'Somewhat-Bullish'}]"
Top Wall Street analysts are confident in the long-term potential of these stocks,https://www.cnbc.com/2023/11/12/top-wall-street-analysts-are-confident-in-the-long-term-potential-of-these-stocks.html,20231112T132832,['TipRanks.com Staff'],"TipRanks' analyst ranking service pinpoints Wall Street's best-performing stocks, including Apple and Amazon.",https://image.cnbcfm.com/api/v1/image/107299921-16946070922023-09-13t080032z_1902054062_rc2i73a30nmr_rtrmadp_0_apple-china.jpeg?v=1698244271&w=1920&h=1080,CNBC,Investing,www.cnbc.com,"[{'topic': 'Retail & Wholesale', 'relevance_score': '0.333333'}, {'topic': 'Financial Markets', 'relevance_score': '0.503496'}, {'topic': 'Earnings', 'relevance_score': '1.0'}, {'topic': 'Technology', 'relevance_score': '0.333333'}, {'topic': 'Finance', 'relevance_score': '0.333333'}]",0.334953,Somewhat-Bullish,"[{'ticker': 'MSFT', 'relevance_score': '0.185543', 'ticker_sentiment_score': '0.146387', 'ticker_sentiment_label': 'Neutral'}, {'ticker': 'CYBR', 'relevance_score': '0.124325', 'ticker_sentiment_score': '0.136597', 'ticker_sentiment_label': 'Neutral'}, {'ticker': 'AAPL', 'relevance_score': '0.124325', 'ticker_sentiment_score': '0.041597', 'ticker_sentiment_label': 'Neutral'}, {'ticker': 'GS', 'relevance_score': '0.0312', 'ticker_sentiment_score': '0.059546', 'ticker_sentiment_label': 'Neutral'}, {'ticker': 'AMZN', 'relevance_score': '0.215757', 'ticker_sentiment_score': '0.209074', 'ticker_sentiment_label': 'Somewhat-Bullish'}, {'ticker': 'NOW', 'relevance_score': '0.09341', 'ticker_sentiment_score': '0.272942', 'ticker_sentiment_label': 'Somewhat-Bullish'}]"
Stocks Rise With Trouble Under The Surface,https://www.forbes.com/sites/bill_stone/2023/11/12/stocks-rise-with-trouble-under-the-surface/,20231112T120000,['Bill Stone'],"Earnings season entered its final weeks, with only 52 S&P 500 companies reporting. On a positive note, the earnings improved to all but guarantee year-over-year earnings growth for the quarter. Despite rising yields, the S&P 500 rose 1.3% for the week.",https://imageio.forbes.com/specials-images/imageserve/654f8e9896d686c3ce0ffe17/0x0.jpg?format=jpg&height=900&width=1600&fit=bounds,Forbes,n/a,www.forbes.com,"[{'topic': 'Economy - Monetary', 'relevance_score': '0.983605'}, {'topic': 'Retail & Wholesale', 'relevance_score': '0.333333'}, {'topic': 'Financial Markets', 'relevance_score': '0.796627'}, {'topic': 'Manufacturing', 'relevance_score': '0.333333'}, {'topic': 'Earnings', 'relevance_score': '0.9973'}, {'topic': 'Technology', 'relevance_score': '0.333333'}]",0.175872,Somewhat-Bullish,"[{'ticker': 'MSFT', 'relevance_score': '0.135729', 'ticker_sentiment_score': '0.09542', 'ticker_sentiment_label': 'Neutral'}, {'ticker': 'TGT', 'relevance_score': '0.135729', 'ticker_sentiment_score': '0.058597', 'ticker_sentiment_label': 'Neutral'}, {'ticker': 'META', 'relevance_score': '0.135729', 'ticker_sentiment_score': '0.09542', 'ticker_sentiment_label': 'Neutral'}, {'ticker': 'NVDA', 'relevance_score': '0.135729', 'ticker_sentiment_score': '0.09542', 'ticker_sentiment_label': 'Neutral'}, {'ticker': 'AAPL', 'relevance_score': '0.135729', 'ticker_sentiment_score': '0.09542', 'ticker_sentiment_label': 'Neutral'}, {'ticker': 'TSLA', 'relevance_score': '0.135729', 'ticker_sentiment_score': '0.09542', 'ticker_sentiment_label': 'Neutral'}, {'ticker': 'WMT', 'relevance_score': '0.135729', 'ticker_sentiment_score': '0.058597', 'ticker_sentiment_label': 'Neutral'}]"
Apple's top iPhone supplier Foxconn goes to outer space with new satellites,https://www.business-standard.com/world-news/apple-s-top-iphone-supplier-foxconn-goes-to-outer-space-with-new-satellites-123111200107_1.html,20231112T035626,['Bloomberg'],"The world's biggest producer of iPhones is going to outer space. Two prototype low-Earth orbit satellites made by Hon Hai Precision Industry Co., better known as Foxconn, took off aboard a SpaceX rocket from Vandenberg Space Force Base in southern California on Saturday.","https://bsmedia.business-standard.com/_media/bs/img/article/2023-11/12/full/1699761337-6664.jpg?im=FeatureCrop,size=(826,465)",Business Standard,GoogleRSS,www.business-standard.com,"[{'topic': 'Technology', 'relevance_score': '0.5'}, {'topic': 'Retail & Wholesale', 'relevance_score': '0.5'}, {'topic': 'Financial Markets', 'relevance_score': '0.158519'}]",0.109391,Neutral,"[{'ticker': 'AAPL', 'relevance_score': '0.06697', 'ticker_sentiment_score': '-0.033046', 'ticker_sentiment_label': 'Neutral'}, {'ticker': 'HNHPF', 'relevance_score': '0.06697', 'ticker_sentiment_score': '0.069125', 'ticker_sentiment_label': 'Neutral'}, {'ticker': 'WMT', 'relevance_score': '0.06697', 'ticker_sentiment_score': '-0.058098', 'ticker_sentiment_label': 'Neutral'}]"
"Are You Single? China's Singles' Day Could Propel These Major Stocks - Alibaba Gr Holding  ( NYSE:BABA ) , Lululemon Athletica  ( NASDAQ:LULU ) , PDD Holdings  ( NASDAQ:PDD ) , Apple  ( NASDAQ:AAPL ) ",https://www.benzinga.com/markets/equities/23/11/35737904/are-you-single-chinas-singles-day-could-propel-these-major-stocks,20231111T182000,['Nabaparna Bhattacharya'],"Forget the fanfare surrounding Black Friday and Cyber Monday; China's Singles' Day reigns supreme as the globe's most significant shopping extravaganza. Initially celebrating the joys of singlehood as an alternative to Valentine's Day, this event has morphed into an extended online retail ...",https://cdn.benzinga.com/files/images/story/2023/11/11/shutterstock_1217006941.jpg?width=1200&height=800&fit=crop,Benzinga,General,www.benzinga.com,"[{'topic': 'Life Sciences', 'relevance_score': '0.333333'}, {'topic': 'Technology', 'relevance_score': '0.333333'}, {'topic': 'Manufacturing', 'relevance_score': '0.333333'}]",0.196476,Somewhat-Bullish,"[{'ticker': 'BABA', 'relevance_score': '0.273807', 'ticker_sentiment_score': '-0.014019', 'ticker_sentiment_label': 'Neutral'}, {'ticker': 'LULU', 'relevance_score': '0.184598', 'ticker_sentiment_score': '0.186435', 'ticker_sentiment_label': 'Somewhat-Bullish'}, {'ticker': 'PDD', 'relevance_score': '0.184598', 'ticker_sentiment_score': '-0.074139', 'ticker_sentiment_label': 'Neutral'}, {'ticker': 'AAPL', 'relevance_score': '0.184598', 'ticker_sentiment_score': '0.247198', 'ticker_sentiment_label': 'Somewhat-Bullish'}, {'ticker': 'PG', 'relevance_score': '0.184598', 'ticker_sentiment_score': '0.186435', 'ticker_sentiment_label': 'Somewhat-Bullish'}, {'ticker': 'ADBE', 'relevance_score': '0.273807', 'ticker_sentiment_score': '0.193949', 'ticker_sentiment_label': 'Somewhat-Bullish'}, {'ticker': 'NKE', 'relevance_score': '0.273807', 'ticker_sentiment_score': '0.276858', 'ticker_sentiment_label': 'Somewhat-Bullish'}, {'ticker': 'LRLCF', 'relevance_score': '0.273807', 'ticker_sentiment_score': '0.250133', 'ticker_sentiment_label': 'Somewhat-Bullish'}]"
Stock Buybacks: The Good and the Bad,https://www.fool.com/investing/2023/11/11/stock-buybacks-the-good-and-the-bad/,20231111T153800,['Motley Fool Staff'],We've also got a look at takeaways from a trip to Las Vegas and some financial horror stories.,https://g.foolcdn.com/misc-assets/hp-sa-cumulative-growth-chart.png,Motley Fool,n/a,www.fool.com,"[{'topic': 'Financial Markets', 'relevance_score': '1.0'}, {'topic': 'Manufacturing', 'relevance_score': '0.5'}, {'topic': 'Earnings', 'relevance_score': '0.310843'}, {'topic': 'Technology', 'relevance_score': '0.5'}]",0.048268,Neutral,"[{'ticker': 'MEDP', 'relevance_score': '0.041538', 'ticker_sentiment_score': '0.09077', 'ticker_sentiment_label': 'Neutral'}, {'ticker': 'AAPL', 'relevance_score': '0.049835', 'ticker_sentiment_score': '0.10378', 'ticker_sentiment_label': 'Neutral'}, {'ticker': 'FRBA', 'relevance_score': '0.008311', 'ticker_sentiment_score': '0.057195', 'ticker_sentiment_label': 'Neutral'}, {'ticker': 'EBAY', 'relevance_score': '0.016621', 'ticker_sentiment_score': '0.095049', 'ticker_sentiment_label': 'Neutral'}, {'ticker': 'SNBR', 'relevance_score': '0.033236', 'ticker_sentiment_score': '0.007756', 'ticker_sentiment_label': 'Neutral'}]"
Apple Stock: Bull vs. Bear,https://www.fool.com/investing/2023/11/11/apple-stock-bull-vs-bear/,20231111T124500,"['CFA', 'Keith Noonan and Parkev Tatevosian']",Apple is the world's most valuable company. But is its stock a great value for investors?,https://g.foolcdn.com/image/?url=https%3A%2F%2Fg.foolcdn.com%2Feditorial%2Fimages%2F754074%2Fapple-iphone-15-pro-lineup-hero-230912_full-bleed-imagejpgxlarge_2x.jpg&op=resize&w=700,Motley Fool,n/a,www.fool.com,"[{'topic': 'Earnings', 'relevance_score': '0.538269'}, {'topic': 'Technology', 'relevance_score': '1.0'}, {'topic': 'Financial Markets', 'relevance_score': '0.99977'}]",0.324725,Somewhat-Bullish,"[{'ticker': 'MSFT', 'relevance_score': '0.046543', 'ticker_sentiment_score': '-0.004999', 'ticker_sentiment_label': 'Neutral'}, {'ticker': 'AAPL', 'relevance_score': '0.756917', 'ticker_sentiment_score': '0.562365', 'ticker_sentiment_label': 'Bullish'}]"
Firing on All Cylinders Indeed,https://www.fool.com/investing/2023/11/11/firing-on-all-cylinders-indeed/,20231111T120000,['Motley Fool Staff'],Investors are seeing some big reactions to earnings results in tech and have a few reasons to think some beaten-up names might be finding their footing.,https://g.foolcdn.com/misc-assets/hp-sa-cumulative-growth-chart.png,Motley Fool,n/a,www.fool.com,"[{'topic': 'Life Sciences', 'relevance_score': '0.2'}, {'topic': 'Technology', 'relevance_score': '0.2'}, {'topic': 'Finance', 'relevance_score': '0.2'}, {'topic': 'Economy - Monetary', 'relevance_score': '0.576289'}, {'topic': 'IPO', 'relevance_score': '0.158519'}, {'topic': 'Retail & Wholesale', 'relevance_score': '0.2'}, {'topic': 'Financial Markets', 'relevance_score': '1.0'}, {'topic': 'Manufacturing', 'relevance_score': '0.2'}, {'topic': 'Earnings', 'relevance_score': '1.0'}, {'topic': 'Mergers & Acquisitions', 'relevance_score': '0.158519'}]",0.1533,Somewhat-Bullish,"[{'ticker': 'SHOP', 'relevance_score': '0.060135', 'ticker_sentiment_score': '0.05619', 'ticker_sentiment_label': 'Neutral'}, {'ticker': 'SSNLF', 'relevance_score': '0.006688', 'ticker_sentiment_score': '0.051217', 'ticker_sentiment_label': 'Neutral'}, {'ticker': 'GOOG', 'relevance_score': '0.006688', 'ticker_sentiment_score': '0.044259', 'ticker_sentiment_label': 'Neutral'}, {'ticker': 'ROKU', 'relevance_score': '0.026747', 'ticker_sentiment_score': '0.085695', 'ticker_sentiment_label': 'Neutral'}, {'ticker': 'AAPL', 'relevance_score': '0.04679', 'ticker_sentiment_score': '0.065943', 'ticker_sentiment_label': 'Neutral'}, {'ticker': 'DGX', 'relevance_score': '0.020062', 'ticker_sentiment_score': '0.109862', 'ticker_sentiment_label': 'Neutral'}, {'ticker': 'SBUX', 'relevance_score': '0.086773', 'ticker_sentiment_score': '0.087891', 'ticker_sentiment_label': 'Neutral'}, {'ticker': 'GM', 'relevance_score': '0.066802', 'ticker_sentiment_score': '0.022284', 'ticker_sentiment_label': 'Neutral'}, {'ticker': 'BRK-A', 'relevance_score': '0.006688', 'ticker_sentiment_score': '0.036979', 'ticker_sentiment_label': 'Neutral'}, {'ticker': 'KLG', 'relevance_score': '0.013375', 'ticker_sentiment_score': '0.107908', 'ticker_sentiment_label': 'Neutral'}, {'ticker': 'K', 'relevance_score': '0.020062', 'ticker_sentiment_score': '0.11222', 'ticker_sentiment_label': 'Neutral'}, {'ticker': 'DASH', 'relevance_score': '0.020062', 'ticker_sentiment_score': '0.080362', 'ticker_sentiment_label': 'Neutral'}]"
"Apple Moves Towards EU Compliance, Teases iPhone Sideloading In Latest iOS Update: Report - Apple  ( NASDAQ:AAPL ) ",https://www.benzinga.com/news/23/11/35736719/apple-moves-towards-eu-compliance-teases-iphone-sideloading-in-latest-ios-update-report,20231111T055908,['Rounak Jain'],"Apple Inc. AAPL seems to be setting the stage for sideloading of applications on iPhones, according to an analysis of the latest iOS 17.2 update. What Happened: Apple may be adjusting its approach to meet the requirements of the European Union's Digital Markets Act ( DMA ) , reported 9to5Mac.",https://cdn.benzinga.com/files/images/story/2023/iPhone-Photo-by-Jack-Skeens-on-Shutterst.jpeg?width=1200&height=800&fit=crop,Benzinga,News,www.benzinga.com,"[{'topic': 'Real Estate & Construction', 'relevance_score': '0.5'}, {'topic': 'Technology', 'relevance_score': '0.5'}]",0.086725,Neutral,"[{'ticker': 'APG', 'relevance_score': '0.231332', 'ticker_sentiment_score': '-0.047036', 'ticker_sentiment_label': 'Neutral'}, {'ticker': 'AAPL', 'relevance_score': '0.622414', 'ticker_sentiment_score': '0.085032', 'ticker_sentiment_label': 'Neutral'}]"
Did Apple Cut A Deal With Amazon To Keep Product Pages Cleaner? - Amazon.com  ( NASDAQ:AMZN ) ,https://www.benzinga.com/news/23/11/35736486/did-apple-cut-a-special-deal-with-amazon-to-keep-its-product-pages-cleaner,20231111T030006,['Rounak Jain'],"Apple Inc. AAPL has reportedly struck a special deal with Amazon.com Inc. AMZN to keep the product pages for iPhones, iPads, Macs and more clean and relatively free of ads for competing products.",https://cdn.benzinga.com/files/images/story/2023/Apple-Photo-by-Vytautas-Kielaitis-on-Shu.jpeg?width=1200&height=800&fit=crop,Benzinga,News,www.benzinga.com,"[{'topic': 'Earnings', 'relevance_score': '0.108179'}, {'topic': 'Retail & Wholesale', 'relevance_score': '0.5'}, {'topic': 'Technology', 'relevance_score': '0.5'}]",0.076023,Neutral,"[{'ticker': 'SSTK', 'relevance_score': '0.089462', 'ticker_sentiment_score': '0.0', 'ticker_sentiment_label': 'Neutral'}, {'ticker': 'AAPL', 'relevance_score': '0.783525', 'ticker_sentiment_score': '0.142704', 'ticker_sentiment_label': 'Neutral'}, {'ticker': 'AMZN', 'relevance_score': '0.783525', 'ticker_sentiment_score': '0.14727', 'ticker_sentiment_label': 'Neutral'}]"
Weekly Roundup,https://aap.thestreet.com/story/16137786/1/weekly-roundup.html,20231110T235800,[],"A hawkish Fed, overbought market, and a rising yield on the 10-year Treasury couldn't halt stocks from chugging higher this week. Nor could a lack of progress in Washington ahead of the Nov. 17 deadline on bills to fund federal programs and avoid a government shutdown.",https://s.thestreet.com/files/tsc/v2008/photos/contrib/uploads/b1897851-801c-11ee-b0ee-6d387938825f.png,The Street,GoogleRSS,aap.thestreet.com,"[{'topic': 'Energy & Transportation', 'relevance_score': '0.166667'}, {'topic': 'Technology', 'relevance_score': '0.166667'}, {'topic': 'Finance', 'relevance_score': '0.166667'}, {'topic': 'Economy - Monetary', 'relevance_score': '0.999989'}, {'topic': 'IPO', 'relevance_score': '0.158519'}, {'topic': 'Retail & Wholesale', 'relevance_score': '0.166667'}, {'topic': 'Financial Markets', 'relevance_score': '1.0'}, {'topic': 'Manufacturing', 'relevance_score': '0.166667'}, {'topic': 'Earnings', 'relevance_score': '1.0'}, {'topic': 'Real Estate & Construction', 'relevance_score': '0.166667'}]",0.194149,Somewhat-Bullish,"[{'ticker': 'TGT', 'relevance_score': '0.015749', 'ticker_sentiment_score': '0.065248', 'ticker_sentiment_label': 'Neutral'}, {'ticker': 'YNDX', 'relevance_score': '0.003938', 'ticker_sentiment_score': '0.067002', 'ticker_sentiment_label': 'Neutral'}, {'ticker': 'AMAT', 'relevance_score': '0.023622', 'ticker_sentiment_score': '0.141561', 'ticker_sentiment_label': 'Neutral'}, {'ticker': 'CVS', 'relevance_score': '0.003938', 'ticker_sentiment_score': '-0.0172', 'ticker_sentiment_label': 'Neutral'}, {'ticker': 'DE', 'relevance_score': '0.031492', 'ticker_sentiment_score': '0.125741', 'ticker_sentiment_label': 'Neutral'}, {'ticker': 'AAPL', 'relevance_score': '0.043292', 'ticker_sentiment_score': '0.088477', 'ticker_sentiment_label': 'Neutral'}, {'ticker': 'CSCO', 'relevance_score': '0.007875', 'ticker_sentiment_score': '0.100054', 'ticker_sentiment_label': 'Neutral'}, {'ticker': 'MDNDF', 'relevance_score': '0.03936', 'ticker_sentiment_score': '0.0655', 'ticker_sentiment_label': 'Neutral'}, {'ticker': 'TRIN', 'relevance_score': '0.011812', 'ticker_sentiment_score': '0.062273', 'ticker_sentiment_label': 'Neutral'}, {'ticker': 'ROAD', 'relevance_score': '0.007875', 'ticker_sentiment_score': '0.050595', 'ticker_sentiment_label': 'Neutral'}, {'ticker': 'BIDU', 'relevance_score': '0.003938', 'ticker_sentiment_score': '0.067002', 'ticker_sentiment_label': 'Neutral'}, {'ticker': 'AXON', 'relevance_score': '0.015749', 'ticker_sentiment_score': '0.073089', 'ticker_sentiment_label': 'Neutral'}, {'ticker': 'DNUT', 'relevance_score': '0.011812', 'ticker_sentiment_score': '0.067659', 'ticker_sentiment_label': 'Neutral'}, {'ticker': 'M', 'relevance_score': '0.003938', 'ticker_sentiment_score': '0.107287', 'ticker_sentiment_label': 'Neutral'}, {'ticker': 'URI', 'relevance_score': '0.015749', 'ticker_sentiment_score': '0.093978', 'ticker_sentiment_label': 'Neutral'}, {'ticker': 'MSFT', 'relevance_score': '0.035427', 'ticker_sentiment_score': '0.118597', 'ticker_sentiment_label': 'Neutral'}, {'ticker': 'SSNLF', 'relevance_score': '0.003938', 'ticker_sentiment_score': '0.070952', 'ticker_sentiment_label': 'Neutral'}, {'ticker': 'COST', 'relevance_score': '0.023622', 'ticker_sentiment_score': '0.137885', 'ticker_sentiment_label': 'Neutral'}, {'ticker': 'STT', 'relevance_score': '0.003938', 'ticker_sentiment_score': '-0.019247', 'ticker_sentiment_label': 'Neutral'}, {'ticker': 'MA', 'relevance_score': '0.011812', 'ticker_sentiment_score': '0.135585', 'ticker_sentiment_label': 'Neutral'}, {'ticker': 'SBUX', 'relevance_score': '0.003938', 'ticker_sentiment_score': '0.096214', 'ticker_sentiment_label': 'Neutral'}, {'ticker': 'QCOM', 'relevance_score': '0.043292', 'ticker_sentiment_score': '0.089225', 'ticker_sentiment_label': 'Neutral'}, {'ticker': 'BBY', 'relevance_score': '0.011812', 'ticker_sentiment_score': '0.07861', 'ticker_sentiment_label': 'Neutral'}, {'ticker': 'GOOG', 'relevance_score': '0.011812', 'ticker_sentiment_score': '0.093698', 'ticker_sentiment_label': 'Neutral'}, {'ticker': 'HUM', 'relevance_score': '0.003938', 'ticker_sentiment_score': '-0.0172', 'ticker_sentiment_label': 'Neutral'}, {'ticker': 'META', 'relevance_score': '0.011812', 'ticker_sentiment_score': '0.102468', 'ticker_sentiment_label': 'Neutral'}, {'ticker': 'NOA', 'relevance_score': '0.003938', 'ticker_sentiment_score': '0.104563', 'ticker_sentiment_label': 'Neutral'}, {'ticker': 'TJX', 'relevance_score': '0.007875', 'ticker_sentiment_score': '0.110821', 'ticker_sentiment_label': 'Neutral'}, {'ticker': 'BAC', 'relevance_score': '0.019686', 'ticker_sentiment_score': '0.075972', 'ticker_sentiment_label': 'Neutral'}, {'ticker': 'USEG', 'relevance_score': '0.003938', 'ticker_sentiment_score': '0.039371', 'ticker_sentiment_label': 'Neutral'}, {'ticker': 'AMT', 'relevance_score': '0.007875', 'ticker_sentiment_score': '0.100054', 'ticker_sentiment_label': 'Neutral'}, {'ticker': 'GS', 'relevance_score': '0.007875', 'ticker_sentiment_score': '0.073024', 'ticker_sentiment_label': 'Neutral'}, {'ticker': 'ICNB', 'relevance_score': '0.003938', 'ticker_sentiment_score': '0.178408', 'ticker_sentiment_label': 'Somewhat-Bullish'}, {'ticker': 'VMC', 'relevance_score': '0.015749', 'ticker_sentiment_score': '0.053472', 'ticker_sentiment_label': 'Neutral'}, {'ticker': 'LMT', 'relevance_score': '0.015749', 'ticker_sentiment_score': '0.083492', 'ticker_sentiment_label': 'Neutral'}, {'ticker': 'BCS', 'relevance_score': '0.007875', 'ticker_sentiment_score': '0.057558', 'ticker_sentiment_label': 'Neutral'}, {'ticker': 'CNHI', 'relevance_score': '0.003938', 'ticker_sentiment_score': '0.104563', 'ticker_sentiment_label': 'Neutral'}, {'ticker': 'BACHY', 'relevance_score': '0.003938', 'ticker_sentiment_score': '-0.03216', 'ticker_sentiment_label': 'Neutral'}, {'ticker': 'MCO', 'relevance_score': '0.003938', 'ticker_sentiment_score': '0.070569', 'ticker_sentiment_label': 'Neutral'}, {'ticker': 'ROST', 'relevance_score': '0.007875', 'ticker_sentiment_score': '0.110821', 'ticker_sentiment_label': 'Neutral'}, {'ticker': 'PEP', 'relevance_score': '0.011812', 'ticker_sentiment_score': '0.088732', 'ticker_sentiment_label': 'Neutral'}, {'ticker': 'IDCBY', 'relevance_score': '0.003938', 'ticker_sentiment_score': '-0.03216', 'ticker_sentiment_label': 'Neutral'}, {'ticker': 'HD', 'relevance_score': '0.007875', 'ticker_sentiment_score': '0.110821', 'ticker_sentiment_label': 'Neutral'}, {'ticker': 'AMZN', 'relevance_score': '0.035427', 'ticker_sentiment_score': '0.116522', 'ticker_sentiment_label': 'Neutral'}, {'ticker': 'WMT', 'relevance_score': '0.019686', 'ticker_sentiment_score': '0.092982', 'ticker_sentiment_label': 'Neutral'}, {'ticker': 'FOREX:KHR', 'relevance_score': '0.003938', 'ticker_sentiment_score': '0.096538', 'ticker_sentiment_label': 'Neutral'}, {'ticker': 'FOREX:USD', 'relevance_score': '0.003938', 'ticker_sentiment_score': '0.106258', 'ticker_sentiment_label': 'Neutral'}]"
Bulls Want To Run; Five Chip Stocks Break Out On This,https://www.investors.com/market-trend/stock-market-today/dow-jones-futures-bulls-want-to-run-taiwan-semi-leads-5-breakouts-roku-forges-entry/,20231110T215500,"[""Investor's Business Daily"", 'ED CARSON']",Dow Jones Futures: Bulls Want To Run. Taiwan Semi Leads 5 ... Investor's Business Daily ...,https://www.investors.com/wp-content/uploads/2023/09/Stock-bullsstampede-01-adobe.jpg,Investors Business Daily,n/a,www.investors.com,"[{'topic': 'Economy - Monetary', 'relevance_score': '0.158519'}, {'topic': 'Financial Markets', 'relevance_score': '1.0'}, {'topic': 'Manufacturing', 'relevance_score': '0.333333'}, {'topic': 'Earnings', 'relevance_score': '0.990786'}, {'topic': 'Technology', 'relevance_score': '0.333333'}, {'topic': 'Finance', 'relevance_score': '0.333333'}]",0.215902,Somewhat-Bullish,"[{'ticker': 'MSFT', 'relevance_score': '0.063341', 'ticker_sentiment_score': '0.052014', 'ticker_sentiment_label': 'Neutral'}, {'ticker': 'AMAT', 'relevance_score': '0.094887', 'ticker_sentiment_score': '0.057541', 'ticker_sentiment_label': 'Neutral'}, {'ticker': 'MELI', 'relevance_score': '0.219099', 'ticker_sentiment_score': '0.159184', 'ticker_sentiment_label': 'Somewhat-Bullish'}, {'ticker': 'NVDA', 'relevance_score': '0.249425', 'ticker_sentiment_score': '0.069367', 'ticker_sentiment_label': 'Neutral'}, {'ticker': 'ROKU', 'relevance_score': '0.126284', 'ticker_sentiment_score': '0.093467', 'ticker_sentiment_label': 'Neutral'}, {'ticker': 'AAPL', 'relevance_score': '0.063341', 'ticker_sentiment_score': '0.154147', 'ticker_sentiment_label': 'Somewhat-Bullish'}, {'ticker': 'AVGO', 'relevance_score': '0.157483', 'ticker_sentiment_score': '0.044857', 'ticker_sentiment_label': 'Neutral'}, {'ticker': 'TSLA', 'relevance_score': '0.031696', 'ticker_sentiment_score': '0.218842', 'ticker_sentiment_label': 'Somewhat-Bullish'}, {'ticker': 'DDOG', 'relevance_score': '0.249425', 'ticker_sentiment_score': '0.130904', 'ticker_sentiment_label': 'Neutral'}, {'ticker': 'LRCX', 'relevance_score': '0.126284', 'ticker_sentiment_score': '0.046062', 'ticker_sentiment_label': 'Neutral'}, {'ticker': 'IVZ', 'relevance_score': '0.031696', 'ticker_sentiment_score': '0.090119', 'ticker_sentiment_label': 'Neutral'}, {'ticker': 'GE', 'relevance_score': '0.063341', 'ticker_sentiment_score': '0.0', 'ticker_sentiment_label': 'Neutral'}]"
"Elon Musk biopic in development at A24. Director is 'one of the best,' Musk says.",https://www.marketwatch.com/story/elon-musk-biopic-in-development-at-a24-director-is-one-of-the-best-musk-says-9741af7f,20231110T211900,['Weston Blasi'],"The film will be based on Walter Isaacson's biography titled ""Elon Musk,"" which came out this year.",https://images.mktw.net/im-885532/social,MarketWatch,Top Stories,www.marketwatch.com,"[{'topic': 'Financial Markets', 'relevance_score': '0.158519'}, {'topic': 'Manufacturing', 'relevance_score': '0.333333'}, {'topic': 'Technology', 'relevance_score': '0.333333'}, {'topic': 'Finance', 'relevance_score': '0.333333'}]",0.061599,Neutral,"[{'ticker': 'PYPL', 'relevance_score': '0.374312', 'ticker_sentiment_score': '0.052534', 'ticker_sentiment_label': 'Neutral'}, {'ticker': 'AAPL', 'relevance_score': '0.374312', 'ticker_sentiment_score': '0.052534', 'ticker_sentiment_label': 'Neutral'}, {'ticker': 'TSLA', 'relevance_score': '0.374312', 'ticker_sentiment_score': '0.052534', 'ticker_sentiment_label': 'Neutral'}, {'ticker': 'BRK-A', 'relevance_score': '0.192694', 'ticker_sentiment_score': '0.031233', 'ticker_sentiment_label': 'Neutral'}]"
Buy These 2 Growth Stocks on the Dip,https://www.fool.com/investing/2023/11/10/buy-these-2-growth-stocks-on-the-dip/,20231110T210000,['Dani Cook'],Apple and Disney have faced repeated challenges this year but have solid long-term outlooks that could be worth an investment.,https://g.foolcdn.com/misc-assets/hp-sa-cumulative-growth-chart.png,Motley Fool,n/a,www.fool.com,"[{'topic': 'Economy - Monetary', 'relevance_score': '0.158519'}, {'topic': 'Financial Markets', 'relevance_score': '0.87644'}, {'topic': 'Earnings', 'relevance_score': '0.316726'}, {'topic': 'Technology', 'relevance_score': '1.0'}]",0.245418,Somewhat-Bullish,"[{'ticker': 'MSFT', 'relevance_score': '0.05387', 'ticker_sentiment_score': '0.324983', 'ticker_sentiment_label': 'Somewhat-Bullish'}, {'ticker': 'SSNLF', 'relevance_score': '0.05387', 'ticker_sentiment_score': '-0.01201', 'ticker_sentiment_label': 'Neutral'}, {'ticker': 'AAPL', 'relevance_score': '0.411176', 'ticker_sentiment_score': '0.233451', 'ticker_sentiment_label': 'Somewhat-Bullish'}, {'ticker': 'DIS', 'relevance_score': '0.107495', 'ticker_sentiment_score': '0.161024', 'ticker_sentiment_label': 'Somewhat-Bullish'}]"
Can You Buy Penny Stocks In An IRA? The Answer May Surprise You,https://pennystocks.com/featured/2023/11/10/can-you-buy-penny-stocks-in-an-ira/,20231110T201720,['J. Phillip'],"Penny stocks, defined as shares trading at less than $5 each, offer a unique slice of the stock market. This straightforward definition often gets muddled in conversation. Contrary to some beliefs, penny stocks aren't limited to Over-The-Counter ( OTC ) markets.",,PennyStocks.com,n/a,pennystocks.com,"[{'topic': 'Retail & Wholesale', 'relevance_score': '0.333333'}, {'topic': 'Financial Markets', 'relevance_score': '0.999701'}, {'topic': 'Energy & Transportation', 'relevance_score': '0.333333'}, {'topic': 'Technology', 'relevance_score': '0.333333'}]",0.191842,Somewhat-Bullish,"[{'ticker': 'META', 'relevance_score': '0.083687', 'ticker_sentiment_score': '0.112604', 'ticker_sentiment_label': 'Neutral'}, {'ticker': 'AAPL', 'relevance_score': '0.083687', 'ticker_sentiment_score': '0.112604', 'ticker_sentiment_label': 'Neutral'}, {'ticker': 'AMZN', 'relevance_score': '0.083687', 'ticker_sentiment_score': '0.112604', 'ticker_sentiment_label': 'Neutral'}, {'ticker': 'XOM', 'relevance_score': '0.083687', 'ticker_sentiment_score': '0.112604', 'ticker_sentiment_label': 'Neutral'}]"
Smart Wearable Healthcare Devices Market to grow by USD 24.22 billion from 2023 to 2028; North America to account ... - PR Newswire,https://www.prnewswire.com/news-releases/smart-wearable-healthcare-devices-market-to-grow-by-usd-24-22-billion-from-2023-to-2028-north-america-to-account-for-34-of-market-growth--technavio-301984301.html,20231110T194500,[],Smart Wearable Healthcare Devices Market to grow by USD 24.22 billion from 2023 to 2028. North America to account ... PR ...,,PR Newswire,n/a,www.prnewswire.com,"[{'topic': 'Life Sciences', 'relevance_score': '0.333333'}, {'topic': 'Technology', 'relevance_score': '0.333333'}, {'topic': 'Manufacturing', 'relevance_score': '0.333333'}]",0.364792,Bullish,"[{'ticker': 'SSNLF', 'relevance_score': '0.065506', 'ticker_sentiment_score': '0.0', 'ticker_sentiment_label': 'Neutral'}, {'ticker': 'GOOG', 'relevance_score': '0.130571', 'ticker_sentiment_score': '0.056284', 'ticker_sentiment_label': 'Neutral'}, {'ticker': 'OMRNF', 'relevance_score': '0.065506', 'ticker_sentiment_score': '0.0', 'ticker_sentiment_label': 'Neutral'}, {'ticker': 'AAPL', 'relevance_score': '0.065506', 'ticker_sentiment_score': '0.0', 'ticker_sentiment_label': 'Neutral'}, {'ticker': 'BSX', 'relevance_score': '0.065506', 'ticker_sentiment_score': '0.0', 'ticker_sentiment_label': 'Neutral'}, {'ticker': 'BTCY', 'relevance_score': '0.065506', 'ticker_sentiment_score': '0.0', 'ticker_sentiment_label': 'Neutral'}, {'ticker': 'MASI', 'relevance_score': '0.065506', 'ticker_sentiment_score': '0.0', 'ticker_sentiment_label': 'Neutral'}, {'ticker': 'IRTC', 'relevance_score': '0.065506', 'ticker_sentiment_score': '0.0', 'ticker_sentiment_label': 'Neutral'}, {'ticker': 'NOK', 'relevance_score': '0.065506', 'ticker_sentiment_score': '0.0', 'ticker_sentiment_label': 'Neutral'}, {'ticker': 'GRMN', 'relevance_score': '0.065506', 'ticker_sentiment_score': '0.0', 'ticker_sentiment_label': 'Neutral'}, {'ticker': 'DXCM', 'relevance_score': '0.065506', 'ticker_sentiment_score': '0.0', 'ticker_sentiment_label': 'Neutral'}, {'ticker': 'PHG', 'relevance_score': '0.065506', 'ticker_sentiment_score': '0.0', 'ticker_sentiment_label': 'Neutral'}]"
Wall Street Mechanics Bring In Stock Buyers After Sell-Off On Poor Treasury Auction - iShares 20+ Year Treasury Bond ETF  ( NASDAQ:TLT ) ,https://www.benzinga.com/markets/23/11/35732275/wall-street-mechanics-bring-in-stock-buyers-after-sell-off-on-poor-treasury-auction,20231110T190258,['The Arora Report'],"To gain an edge, this is what you need to know today. Please click here for a chart of iShares 20 Plus Year Treasury Bond ETF TLT. The chart shows that TLT fell yesterday. As we shared with you in the Afternoon Capsule, the reason for the fall in TLT was the poor Treasury auction.",https://cdn.benzinga.com/files/b348b2c9-777b-4ae9-8fd0-189f0fc9fbb8.jpeg?width=1200&height=800&fit=crop,Benzinga,Markets,www.benzinga.com,"[{'topic': 'Economy - Monetary', 'relevance_score': '0.451494'}, {'topic': 'Economy - Fiscal', 'relevance_score': '0.158519'}, {'topic': 'Financial Markets', 'relevance_score': '0.999691'}, {'topic': 'Manufacturing', 'relevance_score': '0.333333'}, {'topic': 'Technology', 'relevance_score': '0.333333'}, {'topic': 'Finance', 'relevance_score': '0.333333'}]",0.200987,Somewhat-Bullish,"[{'ticker': 'MSFT', 'relevance_score': '0.099476', 'ticker_sentiment_score': '0.133908', 'ticker_sentiment_label': 'Neutral'}, {'ticker': 'GOOG', 'relevance_score': '0.099476', 'ticker_sentiment_score': '0.133908', 'ticker_sentiment_label': 'Neutral'}, {'ticker': 'META', 'relevance_score': '0.099476', 'ticker_sentiment_score': '0.133908', 'ticker_sentiment_label': 'Neutral'}, {'ticker': 'NVDA', 'relevance_score': '0.099476', 'ticker_sentiment_score': '0.133908', 'ticker_sentiment_label': 'Neutral'}, {'ticker': 'AAPL', 'relevance_score': '0.099476', 'ticker_sentiment_score': '0.133908', 'ticker_sentiment_label': 'Neutral'}, {'ticker': 'TSLA', 'relevance_score': '0.099476', 'ticker_sentiment_score': '0.133908', 'ticker_sentiment_label': 'Neutral'}, {'ticker': 'IVZ', 'relevance_score': '0.049835', 'ticker_sentiment_score': '0.247334', 'ticker_sentiment_label': 'Somewhat-Bullish'}, {'ticker': 'CRYPTO:BTC', 'relevance_score': '0.148731', 'ticker_sentiment_score': '0.114795', 'ticker_sentiment_label': 'Neutral'}]"
Dow Jones Gains 280 Points On Economic Data; Plug Dives On Warning,https://www.investors.com/market-trend/stock-market-today/dow-jones-gains-250-points-on-soft-data-plug-dives-on-warning/,20231110T185300,"[""Investor's Business Daily"", 'VIDYA RAMAKRISHNAN']",Dow Jones Gains 280 Points On Economic Data. Plug Dives On ... Investor's Business Daily ...,https://www.investors.com/wp-content/uploads/2021/01/Stock-TaiwanSemi-fabEntrance-company.jpg,Investors Business Daily,n/a,www.investors.com,"[{'topic': 'Life Sciences', 'relevance_score': '0.333333'}, {'topic': 'Financial Markets', 'relevance_score': '0.995015'}, {'topic': 'Manufacturing', 'relevance_score': '0.333333'}, {'topic': 'Earnings', 'relevance_score': '0.818451'}, {'topic': 'Technology', 'relevance_score': '0.333333'}]",0.009689,Neutral,"[{'ticker': 'MSFT', 'relevance_score': '0.123844', 'ticker_sentiment_score': '-0.080546', 'ticker_sentiment_label': 'Neutral'}, {'ticker': 'AAPL', 'relevance_score': '0.123844', 'ticker_sentiment_score': '-0.080546', 'ticker_sentiment_label': 'Neutral'}, {'ticker': 'TTD', 'relevance_score': '0.123844', 'ticker_sentiment_score': '-0.253768', 'ticker_sentiment_label': 'Somewhat-Bearish'}, {'ticker': 'U', 'relevance_score': '0.123844', 'ticker_sentiment_score': '0.153224', 'ticker_sentiment_label': 'Somewhat-Bullish'}, {'ticker': 'ILMN', 'relevance_score': '0.123844', 'ticker_sentiment_score': '-0.231767', 'ticker_sentiment_label': 'Somewhat-Bearish'}, {'ticker': 'INTC', 'relevance_score': '0.123844', 'ticker_sentiment_score': '-0.080546', 'ticker_sentiment_label': 'Neutral'}, {'ticker': 'BLNK', 'relevance_score': '0.123844', 'ticker_sentiment_score': '0.0', 'ticker_sentiment_label': 'Neutral'}, {'ticker': 'NKE', 'relevance_score': '0.123844', 'ticker_sentiment_score': '-0.080546', 'ticker_sentiment_label': 'Neutral'}, {'ticker': 'DOCS', 'relevance_score': '0.123844', 'ticker_sentiment_score': '0.0', 'ticker_sentiment_label': 'Neutral'}, {'ticker': 'PLUG', 'relevance_score': '0.123844', 'ticker_sentiment_score': '-0.124845', 'ticker_sentiment_label': 'Neutral'}, {'ticker': 'BA', 'relevance_score': '0.123844', 'ticker_sentiment_score': '-0.080546', 'ticker_sentiment_label': 'Neutral'}]"
Sony Disappointed With Its Latest Profit Slump But Provided An Optimistic Guidance - Sony Group  ( NYSE:SONY ) ,https://www.benzinga.com/tech/23/11/35731963/sony-disappointed-with-its-latest-profit-slump-but-provided-an-optimistic-guidance,20231110T185033,['Upwallstreet'],"On Wednesday, Sony Group Corporation SONY reported its July-September quarter results that reflected the troubles the chip business has found itself in, and even Sony who supplies Apple AAPL with its semiconductors for its revived iPhone wasn't an exception.",https://cdn.benzinga.com/files/person-playing-video-game-with-copy-space.jpg?width=1200&height=800&fit=crop,Benzinga,General,www.benzinga.com,"[{'topic': 'Earnings', 'relevance_score': '0.614606'}, {'topic': 'Technology', 'relevance_score': '1.0'}, {'topic': 'Financial Markets', 'relevance_score': '0.495866'}]",0.081278,Neutral,"[{'ticker': 'MSFT', 'relevance_score': '0.322233', 'ticker_sentiment_score': '0.016638', 'ticker_sentiment_label': 'Neutral'}, {'ticker': 'SNEJF', 'relevance_score': '0.720006', 'ticker_sentiment_score': '0.138834', 'ticker_sentiment_label': 'Neutral'}, {'ticker': 'AAPL', 'relevance_score': '0.132004', 'ticker_sentiment_score': '0.034772', 'ticker_sentiment_label': 'Neutral'}, {'ticker': 'NTDOF', 'relevance_score': '0.439243', 'ticker_sentiment_score': '0.041563', 'ticker_sentiment_label': 'Neutral'}, {'ticker': 'FOREX:JPY', 'relevance_score': '0.59404', 'ticker_sentiment_score': '0.168613', 'ticker_sentiment_label': 'Somewhat-Bullish'}, {'ticker': 'FOREX:USD', 'relevance_score': '0.06623', 'ticker_sentiment_score': '0.120401', 'ticker_sentiment_label': 'Neutral'}]"
"Chipmaker TSMC Gets Sales Lift From AI, Apple iPhones",https://www.investors.com/news/technology/tsm-stock-rises-on-strong-sales-growth-in-october/,20231110T184200,"['PATRICK SEITZ', ""Investor's Business Daily""]",TSM Stock Rises On Strong Sales Growth In October Investor's Business Daily ...,https://www.investors.com/wp-content/uploads/2023/11/Stock-TSMC-lobbylogo-01-company.jpg,Investors Business Daily,n/a,www.investors.com,"[{'topic': 'Technology', 'relevance_score': '0.5'}, {'topic': 'Financial Markets', 'relevance_score': '0.989041'}, {'topic': 'Manufacturing', 'relevance_score': '0.5'}]",0.326806,Somewhat-Bullish,"[{'ticker': 'NVDA', 'relevance_score': '0.323078', 'ticker_sentiment_score': '0.104332', 'ticker_sentiment_label': 'Neutral'}, {'ticker': 'AAPL', 'relevance_score': '0.323078', 'ticker_sentiment_score': '0.5086', 'ticker_sentiment_label': 'Bullish'}, {'ticker': 'QCOM', 'relevance_score': '0.218817', 'ticker_sentiment_score': '0.111011', 'ticker_sentiment_label': 'Neutral'}, {'ticker': 'TSM', 'relevance_score': '0.595343', 'ticker_sentiment_score': '0.502196', 'ticker_sentiment_label': 'Bullish'}]"
Microsoft Stock Notches Record High Ahead Of AI News,https://www.investors.com/news/technology/microsoft-stock-notches-record-high-ahead-of-ai-news/,20231110T174300,"[""Investor's Business Daily"", 'PATRICK SEITZ']","Microsoft ( MSFT ) stock on Friday set a new all-time high as the company prepares to announce its latest advancements in artificial intelligence at a conference next week. In intraday trading on the stock market today, Microsoft stock reached a record high of 368.09.",https://www.investors.com/wp-content/uploads/2023/11/Stock-microsoft-ceosatya-03-company.jpg,Investors Business Daily,n/a,www.investors.com,"[{'topic': 'Financial Markets', 'relevance_score': '0.998356'}, {'topic': 'Manufacturing', 'relevance_score': '0.5'}, {'topic': 'Earnings', 'relevance_score': '0.310843'}, {'topic': 'Technology', 'relevance_score': '0.5'}]",0.162689,Somewhat-Bullish,"[{'ticker': 'MSFT', 'relevance_score': '0.925541', 'ticker_sentiment_score': '0.266805', 'ticker_sentiment_label': 'Somewhat-Bullish'}, {'ticker': 'META', 'relevance_score': '0.254307', 'ticker_sentiment_score': '0.300917', 'ticker_sentiment_label': 'Somewhat-Bullish'}, {'ticker': 'NVDA', 'relevance_score': '0.373378', 'ticker_sentiment_score': '0.272198', 'ticker_sentiment_label': 'Somewhat-Bullish'}, {'ticker': 'AAPL', 'relevance_score': '0.254307', 'ticker_sentiment_score': '0.300917', 'ticker_sentiment_label': 'Somewhat-Bullish'}, {'ticker': 'TSLA', 'relevance_score': '0.254307', 'ticker_sentiment_score': '0.300917', 'ticker_sentiment_label': 'Somewhat-Bullish'}]"
"Market Clubhouse Morning Memo - November 10th, 2023  ( Trade Strategy For SPY, QQQ, AAPL, MSFT, NVDA, GOOGL, TSLA, And META )  - Alphabet  ( NASDAQ:GOOGL ) , Apple  ( NASDAQ:AAPL ) ",https://www.benzinga.com/trading-ideas/23/11/35730549/market-clubhouse-morning-memo-november-10th-2023-trade-strategy-for-spy-qqq-aapl-msft-nvda-googl-ts,20231110T172743,['RIPS'],"Good Morning Traders! In today's Market Clubhouse Morning Memo, we will discuss SPY, QQQ, AAPL, MSFT, TSLA, NVDA, and META. Our proprietary formula, exclusive to Market Clubhouse, dictates these price levels. This dynamic equation takes into account price, volume, and options flow.",https://cdn.benzinga.com/files/market-clubhouse-morning-memo_106.png?width=1200&height=800&fit=crop,Benzinga,Trading,www.benzinga.com,"[{'topic': 'Technology', 'relevance_score': '0.5'}, {'topic': 'Financial Markets', 'relevance_score': '0.413559'}, {'topic': 'Manufacturing', 'relevance_score': '0.5'}]",0.208949,Somewhat-Bullish,"[{'ticker': 'MSFT', 'relevance_score': '0.175009', 'ticker_sentiment_score': '0.327828', 'ticker_sentiment_label': 'Somewhat-Bullish'}, {'ticker': 'GOOG', 'relevance_score': '0.058759', 'ticker_sentiment_score': '0.082016', 'ticker_sentiment_label': 'Neutral'}, {'ticker': 'NVDA', 'relevance_score': '0.175009', 'ticker_sentiment_score': '0.245253', 'ticker_sentiment_label': 'Somewhat-Bullish'}, {'ticker': 'AAPL', 'relevance_score': '0.231884', 'ticker_sentiment_score': '0.162517', 'ticker_sentiment_label': 'Somewhat-Bullish'}, {'ticker': 'TSLA', 'relevance_score': '0.175009', 'ticker_sentiment_score': '0.106494', 'ticker_sentiment_label': 'Neutral'}]"
Here's how Eli Lilly might bring a game-changing Alzheimer's drug to market,https://www.marketwatch.com/story/heres-how-eli-lilly-might-bring-a-game-changing-alzheimers-drug-to-market-6895dbc5,20231110T172100,['Philip van Doorn'],"Also: Bad and good results this earnings season, new tax rules, stock picks and how you too can be a mortgage lender.",https://images.mktw.net/im-885116?width=700&height=634,MarketWatch,Top Stories,www.marketwatch.com,"[{'topic': 'Life Sciences', 'relevance_score': '0.166667'}, {'topic': 'Energy & Transportation', 'relevance_score': '0.166667'}, {'topic': 'Technology', 'relevance_score': '0.166667'}, {'topic': 'Finance', 'relevance_score': '0.166667'}, {'topic': 'Financial Markets', 'relevance_score': '1.0'}, {'topic': 'Manufacturing', 'relevance_score': '0.166667'}, {'topic': 'Earnings', 'relevance_score': '0.967321'}, {'topic': 'Real Estate & Construction', 'relevance_score': '0.166667'}]",0.016892,Neutral,"[{'ticker': 'GOOG', 'relevance_score': '0.029436', 'ticker_sentiment_score': '0.146671', 'ticker_sentiment_label': 'Neutral'}, {'ticker': 'META', 'relevance_score': '0.058831', 'ticker_sentiment_score': '0.156001', 'ticker_sentiment_label': 'Somewhat-Bullish'}, {'ticker': 'NVDA', 'relevance_score': '0.058831', 'ticker_sentiment_score': '0.156001', 'ticker_sentiment_label': 'Somewhat-Bullish'}, {'ticker': 'AAPL', 'relevance_score': '0.058831', 'ticker_sentiment_score': '0.156001', 'ticker_sentiment_label': 'Somewhat-Bullish'}, {'ticker': 'C', 'relevance_score': '0.029436', 'ticker_sentiment_score': '-0.049921', 'ticker_sentiment_label': 'Neutral'}, {'ticker': 'NVO', 'relevance_score': '0.058831', 'ticker_sentiment_score': '0.051005', 'ticker_sentiment_label': 'Neutral'}, {'ticker': 'GRPN', 'relevance_score': '0.029436', 'ticker_sentiment_score': '-0.069702', 'ticker_sentiment_label': 'Neutral'}, {'ticker': 'UA', 'relevance_score': '0.029436', 'ticker_sentiment_score': '-0.069702', 'ticker_sentiment_label': 'Neutral'}, {'ticker': 'MSFT', 'relevance_score': '0.058831', 'ticker_sentiment_score': '0.156001', 'ticker_sentiment_label': 'Somewhat-Bullish'}, {'ticker': 'TSLA', 'relevance_score': '0.058831', 'ticker_sentiment_score': '0.156001', 'ticker_sentiment_label': 'Somewhat-Bullish'}, {'ticker': 'T', 'relevance_score': '0.029436', 'ticker_sentiment_score': '0.052464', 'ticker_sentiment_label': 'Neutral'}, {'ticker': 'U', 'relevance_score': '0.029436', 'ticker_sentiment_score': '-0.069702', 'ticker_sentiment_label': 'Neutral'}, {'ticker': 'XOM', 'relevance_score': '0.029436', 'ticker_sentiment_score': '0.035336', 'ticker_sentiment_label': 'Neutral'}, {'ticker': 'LLY', 'relevance_score': '0.058831', 'ticker_sentiment_score': '0.051005', 'ticker_sentiment_label': 'Neutral'}, {'ticker': 'ARM', 'relevance_score': '0.058831', 'ticker_sentiment_score': '0.017097', 'ticker_sentiment_label': 'Neutral'}, {'ticker': 'RDFN', 'relevance_score': '0.029436', 'ticker_sentiment_score': '-0.014175', 'ticker_sentiment_label': 'Neutral'}, {'ticker': 'UBER', 'relevance_score': '0.058831', 'ticker_sentiment_score': '0.056382', 'ticker_sentiment_label': 'Neutral'}, {'ticker': 'FOREX:USD', 'relevance_score': '0.029436', 'ticker_sentiment_score': '-0.049921', 'ticker_sentiment_label': 'Neutral'}]"
"From Boardrooms To Bedrooms: Will Tech Companies Convert Empty Offices Into Employee Housing? - Alphabet  ( NASDAQ:GOOG ) , Meta Platforms  ( NASDAQ:META ) , Apple  ( NASDAQ:AAPL ) , Amazon.com  ( NASDAQ:AMZN ) ",https://www.benzinga.com/general/23/11/35718792/from-boardrooms-to-bedrooms-will-tech-companies-convert-empty-offices-into-employee-housing,20231110T165429,['Aaron Bry'],"Despite a recent push by corporations to get employees back to the office, at least part-time, it doesn't look like work-from-home is going anywhere. The ability for employees to work remotely has crushed demand for commercial real estate, leaving large office buildings in cities like San ...",https://cdn.benzinga.com/files/images/story/2023/11/10/empty_office_shutter.jpg?width=1200&height=800&fit=crop,Benzinga,General,www.benzinga.com,"[{'topic': 'Retail & Wholesale', 'relevance_score': '0.5'}, {'topic': 'Technology', 'relevance_score': '0.5'}]",0.064658,Neutral,"[{'ticker': 'GOOG', 'relevance_score': '0.399204', 'ticker_sentiment_score': '0.04097', 'ticker_sentiment_label': 'Neutral'}, {'ticker': 'META', 'relevance_score': '0.272788', 'ticker_sentiment_score': '0.12666', 'ticker_sentiment_label': 'Neutral'}, {'ticker': 'AAPL', 'relevance_score': '0.272788', 'ticker_sentiment_score': '0.12666', 'ticker_sentiment_label': 'Neutral'}, {'ticker': 'AMZN', 'relevance_score': '0.272788', 'ticker_sentiment_score': '-0.039046', 'ticker_sentiment_label': 'Neutral'}]"
"Dow Jones Rally Led By Intel Stock, Boeing; Security Software Leader Makes Bullish Move Ahead Of Results",https://www.investors.com/market-trend/stock-market-today/dow-jones-rally-intel-stock-boeing-security-software-leader-bullish-move/,20231110T155200,"[""Investor's Business Daily"", 'KEN SHREVE']","Dow Jones Rally Led By Intel Stock, Boeing. Security Software ... Investor's Business Daily ...",https://www.investors.com/wp-content/uploads/2018/05/Stock-dow-04-adobe.jpg,Investors Business Daily,n/a,www.investors.com,"[{'topic': 'Life Sciences', 'relevance_score': '0.166667'}, {'topic': 'Energy & Transportation', 'relevance_score': '0.166667'}, {'topic': 'Technology', 'relevance_score': '0.166667'}, {'topic': 'Finance', 'relevance_score': '0.166667'}, {'topic': 'Economy - Monetary', 'relevance_score': '0.451494'}, {'topic': 'Financial Markets', 'relevance_score': '1.0'}, {'topic': 'Manufacturing', 'relevance_score': '0.166667'}, {'topic': 'Earnings', 'relevance_score': '0.990786'}, {'topic': 'Real Estate & Construction', 'relevance_score': '0.166667'}]",0.098462,Neutral,"[{'ticker': 'NVDA', 'relevance_score': '0.218817', 'ticker_sentiment_score': '-0.029431', 'ticker_sentiment_label': 'Neutral'}, {'ticker': 'AAPL', 'relevance_score': '0.110462', 'ticker_sentiment_score': '0.0', 'ticker_sentiment_label': 'Neutral'}, {'ticker': 'CRWD', 'relevance_score': '0.110462', 'ticker_sentiment_score': '0.205961', 'ticker_sentiment_label': 'Somewhat-Bullish'}, {'ticker': 'CVX', 'relevance_score': '0.165031', 'ticker_sentiment_score': '-0.156415', 'ticker_sentiment_label': 'Somewhat-Bearish'}, {'ticker': 'TTD', 'relevance_score': '0.218817', 'ticker_sentiment_score': '-0.048211', 'ticker_sentiment_label': 'Neutral'}, {'ticker': 'ILMN', 'relevance_score': '0.110462', 'ticker_sentiment_score': '-0.290295', 'ticker_sentiment_label': 'Somewhat-Bearish'}, {'ticker': 'MS', 'relevance_score': '0.055364', 'ticker_sentiment_score': '-0.182918', 'ticker_sentiment_label': 'Somewhat-Bearish'}, {'ticker': 'DDOG', 'relevance_score': '0.110462', 'ticker_sentiment_score': '0.254792', 'ticker_sentiment_label': 'Somewhat-Bullish'}, {'ticker': 'WYNN', 'relevance_score': '0.110462', 'ticker_sentiment_score': '-0.290295', 'ticker_sentiment_label': 'Somewhat-Bearish'}, {'ticker': 'DEO', 'relevance_score': '0.110462', 'ticker_sentiment_score': '-0.290295', 'ticker_sentiment_label': 'Somewhat-Bearish'}, {'ticker': 'MSFT', 'relevance_score': '0.110462', 'ticker_sentiment_score': '0.0', 'ticker_sentiment_label': 'Neutral'}, {'ticker': 'QLYS', 'relevance_score': '0.110462', 'ticker_sentiment_score': '0.205961', 'ticker_sentiment_label': 'Somewhat-Bullish'}, {'ticker': 'LNW', 'relevance_score': '0.165031', 'ticker_sentiment_score': '0.33561', 'ticker_sentiment_label': 'Somewhat-Bullish'}, {'ticker': 'U', 'relevance_score': '0.110462', 'ticker_sentiment_score': '-0.290295', 'ticker_sentiment_label': 'Somewhat-Bearish'}, {'ticker': 'INTC', 'relevance_score': '0.110462', 'ticker_sentiment_score': '0.132857', 'ticker_sentiment_label': 'Neutral'}, {'ticker': 'CAT', 'relevance_score': '0.110462', 'ticker_sentiment_score': '0.0', 'ticker_sentiment_label': 'Neutral'}, {'ticker': 'AMD', 'relevance_score': '0.110462', 'ticker_sentiment_score': '0.293621', 'ticker_sentiment_label': 'Somewhat-Bullish'}, {'ticker': 'ZS', 'relevance_score': '0.165031', 'ticker_sentiment_score': '0.179389', 'ticker_sentiment_label': 'Somewhat-Bullish'}, {'ticker': 'FTI', 'relevance_score': '0.165031', 'ticker_sentiment_score': '0.081095', 'ticker_sentiment_label': 'Neutral'}, {'ticker': 'UBER', 'relevance_score': '0.110462', 'ticker_sentiment_score': '0.293621', 'ticker_sentiment_label': 'Somewhat-Bullish'}, {'ticker': 'BA', 'relevance_score': '0.110462', 'ticker_sentiment_score': '0.132857', 'ticker_sentiment_label': 'Neutral'}, {'ticker': 'PANW', 'relevance_score': '0.110462', 'ticker_sentiment_score': '0.205961', 'ticker_sentiment_label': 'Somewhat-Bullish'}]"
Scams targeting veterans are on the rise - here's how to avoid them,https://www.marketwatch.com/story/scams-targeting-veterans-are-on-the-rise-heres-how-to-avoid-them-8ee6cd01,20231110T142700,['Lukas I. Alpert'],"In October 2020, Larry Cook, a 76-year-old retired Navy commander, received an email purportedly from Amazon confirming the purchase of an iPad. Cook hadn't purchased the Apple AAPL, device and called the number on the email to cancel the order, but the person on the other end of the line wasn't ...",https://images.mktw.net/im-885039/social,MarketWatch,Top Stories,www.marketwatch.com,"[{'topic': 'Retail & Wholesale', 'relevance_score': '0.5'}, {'topic': 'Financial Markets', 'relevance_score': '0.360215'}, {'topic': 'Technology', 'relevance_score': '0.5'}, {'topic': 'Blockchain', 'relevance_score': '0.158519'}]",-0.170186,Somewhat-Bearish,"[{'ticker': 'AAPL', 'relevance_score': '0.07083', 'ticker_sentiment_score': '-0.067176', 'ticker_sentiment_label': 'Neutral'}, {'ticker': 'AMZN', 'relevance_score': '0.10607', 'ticker_sentiment_score': '-0.050858', 'ticker_sentiment_label': 'Neutral'}]"
Whats Going On With Taiwan Semiconductor  ( TSM )  Stock Friday - Taiwan Semiconductor  ( NYSE:TSM ) ,https://www.benzinga.com/government/23/11/35721140/whats-going-on-with-taiwan-semiconductor-stock-friday,20231110T141325,['Anusuya Lahiri'],"Taiwan Semiconductor Manufacturing Co TSM is trading higher Friday as it reported a 34.8% month-on-month topline growth in October. The strong dollar and Apple Inc's AAPL new product launch helped drive the growth, Digitimes reports. Meanwhile, TSMC will likely share its plans to build its ...",https://cdn.benzinga.com/files/images/story/2023/11/10/tsm.png?width=1200&height=800&fit=crop,Benzinga,Trading,www.benzinga.com,"[{'topic': 'Technology', 'relevance_score': '0.5'}, {'topic': 'Financial Markets', 'relevance_score': '0.108179'}, {'topic': 'Manufacturing', 'relevance_score': '0.5'}]",0.353851,Bullish,"[{'ticker': 'NVDA', 'relevance_score': '0.374312', 'ticker_sentiment_score': '0.303787', 'ticker_sentiment_label': 'Somewhat-Bullish'}, {'ticker': 'AAPL', 'relevance_score': '0.374312', 'ticker_sentiment_score': '0.762637', 'ticker_sentiment_label': 'Bullish'}, {'ticker': 'TSM', 'relevance_score': '0.535653', 'ticker_sentiment_score': '0.412189', 'ticker_sentiment_label': 'Bullish'}]"
"Binge More, Spend Less: Verizon Offers Netflix & HBO Max at a Steal This Season - Netflix  ( NASDAQ:NFLX ) , Verizon Communications  ( NYSE:VZ ) , Warner Bros. Discovery  ( NASDAQ:WBD ) ",https://www.benzinga.com/news/23/11/35720845/binge-more-spend-less-verizon-offers-netflix-hbo-max-at-a-steal-this-season,20231110T124701,['Anusuya Lahiri'],Verizon Communications Inc VZ eyes offering the ad-supported versions of Netflix Inc NFLX and Warner Bros Discovery Inc's WBD Max streaming services for about $10 a month combined instead of about $17. The movie is strategically timed with the holiday season when consumers indulge in binge-watching.,https://cdn.benzinga.com/files/images/story/2023/11/10/netflix_tv-photo_by_tumisu_via_pixabay.jpg?width=1200&height=800&fit=crop,Benzinga,News,www.benzinga.com,"[{'topic': 'Earnings', 'relevance_score': '0.108179'}, {'topic': 'Technology', 'relevance_score': '1.0'}, {'topic': 'Financial Markets', 'relevance_score': '0.108179'}]",0.0,Neutral,"[{'ticker': 'NFLX', 'relevance_score': '0.827318', 'ticker_sentiment_score': '0.004065', 'ticker_sentiment_label': 'Neutral'}, {'ticker': 'VZ', 'relevance_score': '0.636698', 'ticker_sentiment_score': '-0.146892', 'ticker_sentiment_label': 'Neutral'}, {'ticker': 'AAPL', 'relevance_score': '0.636698', 'ticker_sentiment_score': '-0.38774', 'ticker_sentiment_label': 'Bearish'}]"
1 Growth Stock Down 7% to Buy Right Now,https://www.fool.com/investing/2023/11/10/1-growth-stock-down-7-to-buy-right-now/,20231110T121500,['Dani Cook'],"Apple has hit some roadblocks this year, but I wouldn't bet against its business flourishing over the long term.",https://media.ycharts.com/charts/335f62e8f57427c42193ca71b4445c34.png,Motley Fool,n/a,www.fool.com,"[{'topic': 'Economy - Monetary', 'relevance_score': '0.158519'}, {'topic': 'Financial Markets', 'relevance_score': '0.989041'}, {'topic': 'Earnings', 'relevance_score': '0.995973'}, {'topic': 'Technology', 'relevance_score': '1.0'}]",0.274319,Somewhat-Bullish,"[{'ticker': 'MSFT', 'relevance_score': '0.051999', 'ticker_sentiment_score': '0.041028', 'ticker_sentiment_label': 'Neutral'}, {'ticker': 'SSNLF', 'relevance_score': '0.051999', 'ticker_sentiment_score': '-0.026003', 'ticker_sentiment_label': 'Neutral'}, {'ticker': 'AAPL', 'relevance_score': '0.485711', 'ticker_sentiment_score': '0.291695', 'ticker_sentiment_label': 'Somewhat-Bullish'}]"
Prediction: Microsoft Will Overtake Apple as the World's Largest Company By 2025,https://www.fool.com/investing/2023/11/10/prediction-microsoft-will-overtake-apple-as-the-wo/,20231110T120000,['Keithen Drury'],Apple's declining sales are opening the door to second-place Microsoft.,https://media.ycharts.com/charts/c56f0897d34ad3211f5d9d3a8c0bed90.png,Motley Fool,n/a,www.fool.com,"[{'topic': 'Economy - Monetary', 'relevance_score': '0.158519'}, {'topic': 'Financial Markets', 'relevance_score': '0.266143'}, {'topic': 'Earnings', 'relevance_score': '0.744043'}, {'topic': 'Technology', 'relevance_score': '1.0'}]",0.245903,Somewhat-Bullish,"[{'ticker': 'MSFT', 'relevance_score': '0.653008', 'ticker_sentiment_score': '0.537635', 'ticker_sentiment_label': 'Bullish'}, {'ticker': 'AAPL', 'relevance_score': '0.54816', 'ticker_sentiment_score': '0.21964', 'ticker_sentiment_label': 'Somewhat-Bullish'}]"
"Apple's $3,500 Vision Pro Headset Gets A New Recorder - iPhone 15 Pro With Latest iOS 17 Beta - Apple  ( NASDAQ:AAPL ) ",https://www.benzinga.com/news/23/11/35721659/apples-3-500-vision-pro-headset-gets-a-new-recorder-iphone-15-pro-with-latest-ios-17-beta,20231110T104411,['Rounak Jain'],"Apple Inc.'s AAPL $3,500 Vision Pro headset now has a new recorder - the new iPhone 15 Pro, thanks to the latest iOS 17.2 beta update. What Happened: Apple is rolling out spatial video capture support for the iPhone 15 Pro, after announcing it in September.",https://cdn.benzinga.com/files/images/story/2023/Apple-Vision-Pro.png?width=1200&height=800&fit=crop,Benzinga,News,www.benzinga.com,"[{'topic': 'Technology', 'relevance_score': '1.0'}]",0.415167,Bullish,"[{'ticker': 'AAPL', 'relevance_score': '0.682689', 'ticker_sentiment_score': '0.680771', 'ticker_sentiment_label': 'Bullish'}]"
The S&P 500 Just Had Its Best Week of 2023. 2 Artificial Intelligence  ( AI )  Stocks to Buy Before the Stock Market Rallies Further.,https://www.fool.com/investing/2023/11/10/the-sp-500-just-had-its-best-week-of-2023-2-ai/,20231110T101800,['Danny Vena'],AI has been fueling this year's market rally. These two AI stocks have much further to climb.,https://g.foolcdn.com/image/?url=https%3A%2F%2Fg.foolcdn.com%2Feditorial%2Fimages%2F754031%2Fa-person-looking-at-graphs-and-charts-on-a-futuristic-see-through-interface.jpg&op=resize&w=700,Motley Fool,n/a,www.fool.com,"[{'topic': 'Earnings', 'relevance_score': '0.360215'}, {'topic': 'Technology', 'relevance_score': '0.5'}, {'topic': 'Retail & Wholesale', 'relevance_score': '0.5'}]",0.204239,Somewhat-Bullish,"[{'ticker': 'AAPL', 'relevance_score': '0.338251', 'ticker_sentiment_score': '0.15322', 'ticker_sentiment_label': 'Somewhat-Bullish'}, {'ticker': 'AMZN', 'relevance_score': '0.338251', 'ticker_sentiment_score': '0.207524', 'ticker_sentiment_label': 'Somewhat-Bullish'}]"
"Not Just Spotify, Netflix Also Negotiated With Google For A 'Sweetheart' Deal: Court Documents Reveal - Apple  ( NASDAQ:AAPL ) , Amazon.com  ( NASDAQ:AMZN ) ",https://www.benzinga.com/general/entertainment/23/11/35721426/not-just-spotify-netflix-also-negotiated-with-google-for-a-sweetheart-deal-court-documents-,20231110T101312,['Ananya Gairola'],"In 2017, Alphabet Inc.'s GOOG GOOGL Google offered a special deal to Netflix Inc. NFLX that entailed a discounted rate of 10% for in-app payments on Android. This proposal was brought to light in the recent Epic v. Google trial.",https://cdn.benzinga.com/files/images/story/2023/Netflix-App.jpeg?width=1200&height=800&fit=crop,Benzinga,News,www.benzinga.com,"[{'topic': 'Earnings', 'relevance_score': '0.161647'}, {'topic': 'Technology', 'relevance_score': '1.0'}]",0.05248,Neutral,"[{'ticker': 'NFLX', 'relevance_score': '0.778605', 'ticker_sentiment_score': '-0.028076', 'ticker_sentiment_label': 'Neutral'}, {'ticker': 'GOOG', 'relevance_score': '0.746257', 'ticker_sentiment_score': '0.190392', 'ticker_sentiment_label': 'Somewhat-Bullish'}, {'ticker': 'SSTK', 'relevance_score': '0.064973', 'ticker_sentiment_score': '0.0', 'ticker_sentiment_label': 'Neutral'}, {'ticker': 'AAPL', 'relevance_score': '0.316439', 'ticker_sentiment_score': '-0.131617', 'ticker_sentiment_label': 'Neutral'}, {'ticker': 'SPOT', 'relevance_score': '0.193207', 'ticker_sentiment_score': '0.183982', 'ticker_sentiment_label': 'Somewhat-Bullish'}]"
Nearly Half of Warren Buffett's More Than $6 Billion in Annual Dividend Income Comes From Just 3 Stocks,https://www.fool.com/investing/2023/11/10/warren-buffett-6-billion-dividend-income-3-stocks/,20231110T100600,['Sean Williams'],"Collectively, three stocks will bring in more than $2.83 billion in dividend income over the next 12 months for Berkshire Hathaway.",https://g.foolcdn.com/image/?url=https%3A%2F%2Fg.foolcdn.com%2Feditorial%2Fimages%2F753793%2Fbuffett6-tmf.jpg&op=resize&w=700,Motley Fool,n/a,www.fool.com,"[{'topic': 'Economy - Monetary', 'relevance_score': '0.576289'}, {'topic': 'Financial Markets', 'relevance_score': '1.0'}, {'topic': 'Earnings', 'relevance_score': '0.650727'}, {'topic': 'Energy & Transportation', 'relevance_score': '0.333333'}, {'topic': 'Technology', 'relevance_score': '0.333333'}, {'topic': 'Finance', 'relevance_score': '0.333333'}]",0.226185,Somewhat-Bullish,"[{'ticker': 'MSFT', 'relevance_score': '0.033098', 'ticker_sentiment_score': '0.100311', 'ticker_sentiment_label': 'Neutral'}, {'ticker': 'OXY', 'relevance_score': '0.099066', 'ticker_sentiment_score': '0.169053', 'ticker_sentiment_label': 'Somewhat-Bullish'}, {'ticker': 'AAPL', 'relevance_score': '0.291182', 'ticker_sentiment_score': '0.271587', 'ticker_sentiment_label': 'Somewhat-Bullish'}, {'ticker': 'BAC', 'relevance_score': '0.19661', 'ticker_sentiment_score': '0.159867', 'ticker_sentiment_label': 'Somewhat-Bullish'}, {'ticker': 'BRK-A', 'relevance_score': '0.099066', 'ticker_sentiment_score': '0.130437', 'ticker_sentiment_label': 'Neutral'}]"
"The 2024 Honda CR-V Hybrid: The king of the suburban road still excels-plus, fewer trips to the gas station",https://www.marketwatch.com/story/the-2024-honda-cr-v-hybrid-the-king-of-the-suburban-road-still-excelsplus-fewer-trips-to-the-gas-station-f9161644,20231110T100200,['Colin Ryan'],"The 2024 Honda CR-V Hybrid compact SUV boosts fuel economy and power over its regular combustion counterpart, while retaining all the other great qualities.",https://images.mktw.net/im-879666?width=700&height=341,MarketWatch,Top Stories,www.marketwatch.com,"[{'topic': 'Retail & Wholesale', 'relevance_score': '0.333333'}, {'topic': 'Technology', 'relevance_score': '0.333333'}, {'topic': 'Manufacturing', 'relevance_score': '0.333333'}]",0.348445,Somewhat-Bullish,"[{'ticker': 'BBY', 'relevance_score': '0.027226', 'ticker_sentiment_score': '0.144359', 'ticker_sentiment_label': 'Neutral'}, {'ticker': 'AAPL', 'relevance_score': '0.054421', 'ticker_sentiment_score': '0.112785', 'ticker_sentiment_label': 'Neutral'}, {'ticker': 'HMC', 'relevance_score': '0.34273', 'ticker_sentiment_score': '0.351047', 'ticker_sentiment_label': 'Bullish'}]"
"Apple's iPhone 16 To Get Turbocharged Siri With Exclusive On-Device AI Features - Alphabet  ( NASDAQ:GOOGL ) , Apple  ( NASDAQ:AAPL ) ",https://www.benzinga.com/news/23/11/35721101/apples-iphone-16-to-get-turbocharged-siri-with-exclusive-on-device-ai-features,20231110T093209,['Rounak Jain'],Apple Inc.'s AAPL iPhone 16 is expected to get a turbocharged Siri and the Tim Cook-led company has already begun active development of this feature. What Happened: Apple is reportedly developing a supercharged AI-powered Siri for the iPhone 16 as the AI race heats up with rivals Alphabet Inc. ( ...,https://cdn.benzinga.com/files/images/story/2023/iPhone-15-Pro.jpeg?width=1200&height=800&fit=crop,Benzinga,News,www.benzinga.com,"[{'topic': 'Earnings', 'relevance_score': '0.158519'}, {'topic': 'Technology', 'relevance_score': '0.5'}, {'topic': 'Finance', 'relevance_score': '0.5'}]",0.151002,Somewhat-Bullish,"[{'ticker': 'MSFT', 'relevance_score': '0.391923', 'ticker_sentiment_score': '0.026803', 'ticker_sentiment_label': 'Neutral'}, {'ticker': 'SSNLF', 'relevance_score': '0.102013', 'ticker_sentiment_score': '-0.023669', 'ticker_sentiment_label': 'Neutral'}, {'ticker': 'GOOG', 'relevance_score': '0.391923', 'ticker_sentiment_score': '0.047974', 'ticker_sentiment_label': 'Neutral'}, {'ticker': 'AAPL', 'relevance_score': '0.800175', 'ticker_sentiment_score': '0.291198', 'ticker_sentiment_label': 'Somewhat-Bullish'}, {'ticker': 'MS', 'relevance_score': '0.102013', 'ticker_sentiment_score': '0.209377', 'ticker_sentiment_label': 'Somewhat-Bullish'}]"
"Zacks Market Edge Highlights: AAPL, SONY and IBM",https://www.zacks.com/stock/news/2182071/zacks-market-edge-highlights-aapl-sony-and-ibm,20231110T091600,['Zacks Investment Research'],"AAPL, SONY and IBM have been highlighted in this Market Edge article.",https://staticx-tuner.zacks.com/images/articles/main/d9/1183.jpg,Zacks Commentary,n/a,www.zacks.com,"[{'topic': 'IPO', 'relevance_score': '0.158519'}, {'topic': 'Financial Markets', 'relevance_score': '0.94762'}, {'topic': 'Earnings', 'relevance_score': '0.891286'}, {'topic': 'Technology', 'relevance_score': '1.0'}]",0.134275,Neutral,"[{'ticker': 'MSFT', 'relevance_score': '0.065327', 'ticker_sentiment_score': '-0.117175', 'ticker_sentiment_label': 'Neutral'}, {'ticker': 'SNEJF', 'relevance_score': '0.539306', 'ticker_sentiment_score': '0.193828', 'ticker_sentiment_label': 'Somewhat-Bullish'}, {'ticker': 'AAPL', 'relevance_score': '0.632752', 'ticker_sentiment_score': '-0.032593', 'ticker_sentiment_label': 'Neutral'}]"
Apple's iPhone 15 Pro Max Costs 8% More To Manufacture Than Its Predecessor: Report - Apple  ( NASDAQ:AAPL ) ,https://www.benzinga.com/news/23/11/35720739/apples-iphone-15-pro-max-costs-8-more-to-manufacture-than-its-predecessor-report,20231110T074344,['Ananya Gairola'],"A report by Counterpoint Research has revealed that the production cost of Apple Inc.'s AAPL latest flagship, the iPhone 15 Pro Max, has surged by 8% compared to the previous model. What Happened: The research states that the Bill of Materials ( BoM ) cost for a 256 GB iPhone 15 Pro Max stands at ...",https://cdn.benzinga.com/files/images/story/2023/iphone-15-pro-max-shutter.jpeg?width=1200&height=800&fit=crop,Benzinga,General,www.benzinga.com,"[{'topic': 'Earnings', 'relevance_score': '0.158519'}, {'topic': 'Technology', 'relevance_score': '1.0'}]",0.267624,Somewhat-Bullish,"[{'ticker': 'GOOG', 'relevance_score': '0.09989', 'ticker_sentiment_score': '0.123712', 'ticker_sentiment_label': 'Neutral'}, {'ticker': 'AAPL', 'relevance_score': '0.198221', 'ticker_sentiment_score': '0.161186', 'ticker_sentiment_label': 'Somewhat-Bullish'}]"
"Mark Zuckerberg Seals Deal With Tencent As Meta Gears Up For Chinese Market Return After 14 Years With Affordable VR Headset: Report - Meta Platforms  ( NASDAQ:META ) , Tencent Holdings  ( OTC:TCEHY ) ",https://www.benzinga.com/news/23/11/35720249/mark-zuckerberg-seals-deal-with-tencent-as-meta-gears-up-for-chinese-market-return-after-14-years-wi,20231110T054715,['Ananya Gairola'],"To re-establish its presence in the Chinese market after 14 years, Meta Platforms Inc. META has reportedly signed an initial agreement with Tencent Holdings Ltd. TCEHY, a renowned Chinese videogame company. The collaboration aims to launch a cost-effective model of Meta's virtual reality headset ...",https://cdn.benzinga.com/files/images/story/2023/meta-quest-shutter.jpeg?width=1200&height=800&fit=crop,Benzinga,News,www.benzinga.com,"[{'topic': 'Earnings', 'relevance_score': '0.108179'}, {'topic': 'Technology', 'relevance_score': '1.0'}]",0.08968,Neutral,"[{'ticker': 'META', 'relevance_score': '0.204936', 'ticker_sentiment_score': '0.310723', 'ticker_sentiment_label': 'Somewhat-Bullish'}, {'ticker': 'AAPL', 'relevance_score': '0.103331', 'ticker_sentiment_score': '-0.040622', 'ticker_sentiment_label': 'Neutral'}, {'ticker': 'TCTZF', 'relevance_score': '0.636698', 'ticker_sentiment_score': '0.277878', 'ticker_sentiment_label': 'Somewhat-Bullish'}]"
"Google Exec Says AI Chatbot Bard Is Laying The Groundwork For The Company To Add Billions Of Users - Alphabet  ( NASDAQ:GOOG ) , Amazon.com  ( NASDAQ:AMZN ) ",https://www.benzinga.com/news/23/11/35720178/google-exec-says-ai-chatbot-bard-is-laying-the-groundwork-for-the-company-to-add-billions-of-users,20231110T053041,['Benzinga Neuro'],"To attract billions of new users, Alphabet Inc.'s GOOG GOOGL is putting its experimental AI chatbot, Bard, to the forefront, a senior company official has revealed.",https://cdn.benzinga.com/files/images/story/2023/Google-Bard.jpeg?width=1200&height=800&fit=crop,Benzinga,News,www.benzinga.com,"[{'topic': 'Technology', 'relevance_score': '1.0'}]",0.021491,Neutral,"[{'ticker': 'MSFT', 'relevance_score': '0.103331', 'ticker_sentiment_score': '-0.214526', 'ticker_sentiment_label': 'Somewhat-Bearish'}, {'ticker': 'SSNLF', 'relevance_score': '0.103331', 'ticker_sentiment_score': '-0.079932', 'ticker_sentiment_label': 'Neutral'}, {'ticker': 'GOOG', 'relevance_score': '0.636698', 'ticker_sentiment_score': '-0.065614', 'ticker_sentiment_label': 'Neutral'}, {'ticker': 'AAPL', 'relevance_score': '0.103331', 'ticker_sentiment_score': '-0.079932', 'ticker_sentiment_label': 'Neutral'}]"
Amazon partners with Meta for shopping via Facebook and Instagram,https://www.financialexpress.com/business/brandwagon-amazon-partners-withnbspmeta-for-shopping-vianbspfacebook-andnbspinstagram-3303791/,20231110T052635,['Bloomberg'],"Two of tech's largest players, Amazon.com Inc. and Facebook parent Meta Platforms Inc., are testing a feature that lets shoppers buy Amazon products directly from ads on Instagram and Facebook.",https://www.financialexpress.com/wp-content/uploads/2023/06/ecommerce1-1.jpg,The Financial Express,n/a,www.financialexpress.com,"[{'topic': 'Earnings', 'relevance_score': '0.161647'}, {'topic': 'Technology', 'relevance_score': '1.0'}]",0.27047,Somewhat-Bullish,"[{'ticker': 'GOOG', 'relevance_score': '0.07887', 'ticker_sentiment_score': '0.21593', 'ticker_sentiment_label': 'Somewhat-Bullish'}, {'ticker': 'META', 'relevance_score': '0.511734', 'ticker_sentiment_score': '0.250974', 'ticker_sentiment_label': 'Somewhat-Bullish'}, {'ticker': 'AAPL', 'relevance_score': '0.07887', 'ticker_sentiment_score': '0.014439', 'ticker_sentiment_label': 'Neutral'}]"
Sam Altman Rubbishes Retaliation Rumors After Microsoft's Temporary Restrictions On Internal Access To OpenAI's ChatGPT - Microsoft  ( NASDAQ:MSFT ) ,https://www.benzinga.com/news/23/11/35719994/sam-altman-rubbishes-retaliation-rumors-after-microsofts-temporary-restrictions-on-internal-access-t,20231110T045003,['Ananya Gairola'],"In a surprising move, Microsoft Corporation MSFT briefly cut off its employees' access to OpenAI's ChatGPT, citing data security issues. What Happened: On Thursday, Microsoft momentarily blocked its employees from using ChatGPT, an AI product the Satya Nadella-led company has heavily invested in.",https://cdn.benzinga.com/files/images/story/2023/Microsoft-ChatGPT-Photo-by-Ascannio-on-S.jpeg?width=1200&height=800&fit=crop,Benzinga,News,www.benzinga.com,"[{'topic': 'Technology', 'relevance_score': '1.0'}]",-0.072611,Neutral,"[{'ticker': 'MSFT', 'relevance_score': '0.761431', 'ticker_sentiment_score': '-0.016126', 'ticker_sentiment_label': 'Neutral'}, {'ticker': 'SSNLF', 'relevance_score': '0.085324', 'ticker_sentiment_score': '0.133598', 'ticker_sentiment_label': 'Neutral'}, {'ticker': 'GOOG', 'relevance_score': '0.085324', 'ticker_sentiment_score': '0.133598', 'ticker_sentiment_label': 'Neutral'}, {'ticker': 'AAPL', 'relevance_score': '0.085324', 'ticker_sentiment_score': '0.133598', 'ticker_sentiment_label': 'Neutral'}]"
S&P 500's busted winning streak was a mirage anyway,https://www.moneycontrol.com/news/opinion/sp-500s-busted-winning-streak-was-a-mirage-anyway-11714471.html,20231110T044216,[],"The SP 500 Index closed in the red Thursday, blowing its widely-hyped chance at a nine-day winning streak, which would have been its best run since 2004. But the run shouldn't have mattered in an otherwise anemic stock market fueled by trends in bonds, not expectations about profits.",https://images.moneycontrol.com/static-mcnews/2021/02/wallstreet-bull_04022021-770x433.jpg,Money Control,Economy,www.moneycontrol.com,"[{'topic': 'Economy - Monetary', 'relevance_score': '0.158519'}, {'topic': 'Financial Markets', 'relevance_score': '0.998333'}, {'topic': 'Earnings', 'relevance_score': '0.360215'}, {'topic': 'Technology', 'relevance_score': '1.0'}]",0.121307,Neutral,"[{'ticker': 'MSFT', 'relevance_score': '0.051774', 'ticker_sentiment_score': '0.032057', 'ticker_sentiment_label': 'Neutral'}, {'ticker': 'AAPL', 'relevance_score': '0.051774', 'ticker_sentiment_score': '0.032057', 'ticker_sentiment_label': 'Neutral'}]"
How Apple's Alleged Immigrant Favoritism Led To A $25M DOJ Settlement - Apple  ( NASDAQ:AAPL ) ,https://www.benzinga.com/news/23/11/35718629/how-apples-alleged-immigrant-favoritism-led-to-a-25m-doj-settlement,20231110T031016,['Ananya Gairola'],California-based technology leader Apple Inc. AAPL has conceded to a monumental $25 million settlement with the U.S. Department of Justice following allegations of discriminatory hiring practices.,https://cdn.benzinga.com/files/images/story/2023/Cupertino--Apple-headquarters.jpeg?width=1200&height=800&fit=crop,Benzinga,News,www.benzinga.com,"[{'topic': 'Technology', 'relevance_score': '1.0'}]",-0.029071,Neutral,"[{'ticker': 'META', 'relevance_score': '0.171485', 'ticker_sentiment_score': '0.167686', 'ticker_sentiment_label': 'Somewhat-Bullish'}, {'ticker': 'AAPL', 'relevance_score': '0.411848', 'ticker_sentiment_score': '0.03729', 'ticker_sentiment_label': 'Neutral'}]"
"Google's Sundar Pichai To Stand Witness In Antitrust Lawsuit Filed By Epic Games On Tuesday - Alphabet  ( NASDAQ:GOOG ) , Alphabet  ( NASDAQ:GOOGL ) ",https://www.benzinga.com/news/23/11/35718128/googles-sundar-pichai-to-stand-witness-in-antitrust-lawsuit-filed-by-epic-games-on-tuesday,20231110T012321,['Benzinga Neuro'],"In the ongoing antitrust lawsuit between Alphabet Inc. GOOG GOOGL and Epic Games Inc., Sundar Pichai is slated to testify next week. What Happened: Pichai will testify in a San Francisco federal court on Tuesday, reported Bloomberg, citing an Epic spokeswoman.",https://cdn.benzinga.com/files/images/story/2023/Sundar-Pichai-wikimedia-commons.jpeg?width=1200&height=800&fit=crop,Benzinga,News,www.benzinga.com,"[{'topic': 'Technology', 'relevance_score': '1.0'}]",0.031404,Neutral,"[{'ticker': 'GOOG', 'relevance_score': '0.70655', 'ticker_sentiment_score': '0.065831', 'ticker_sentiment_label': 'Neutral'}, {'ticker': 'AAPL', 'relevance_score': '0.092927', 'ticker_sentiment_score': '0.094191', 'ticker_sentiment_label': 'Neutral'}]"
"Tom Hanks, Steven Spielberg Back Together For World War II Series On AppleTV+: Here Are The Details, When You Can Watch - Apple  ( NASDAQ:AAPL ) ",https://www.benzinga.com/general/entertainment/23/11/35717790/tom-hanks-steven-spielberg-back-together-for-world-war-ii-series-on-appletv-here-are-the-de,20231110T002039,['Chris Katje'],"Over the years Steven Spielberg and Tom Hanks have collaborated on several World War II cinematic classics, including ""Saving Private Ryan,"" ""The Pacific"" and ""Band of Brothers."" A new series from the duo is coming to Apple Inc AAPL owned AppleTV+ thanks to a deal with Hanks.",https://cdn.benzinga.com/files/images/story/2023/StevenSpielberg-TomHanks-Shutterstock.jpeg?width=1200&height=800&fit=crop,Benzinga,News,www.benzinga.com,"[{'topic': 'Technology', 'relevance_score': '1.0'}]",-0.058013,Neutral,"[{'ticker': 'AAPL', 'relevance_score': '0.535653', 'ticker_sentiment_score': '0.039904', 'ticker_sentiment_label': 'Neutral'}]"
"Heightened rate volatility points to these opportunities in stocks, bonds for ETF investors, says State Street's Michael Arone",https://www.marketwatch.com/story/heightened-rate-volatility-points-to-these-opportunities-in-stocks-bonds-for-etf-investors-says-state-streets-michael-arone-61f51ea1,20231109T220500,['Christine Idzelis'],"Bond-market volatility spilling into stocks in 2023 may be creating investment opportunities that could pay off in the next year, according to State Street's Michael Arone.",https://images.mktw.net/im-341402/social,MarketWatch,Top Stories,www.marketwatch.com,"[{'topic': 'Economy - Monetary', 'relevance_score': '0.9545'}, {'topic': 'Retail & Wholesale', 'relevance_score': '0.25'}, {'topic': 'Financial Markets', 'relevance_score': '1.0'}, {'topic': 'Manufacturing', 'relevance_score': '0.25'}, {'topic': 'Technology', 'relevance_score': '0.25'}, {'topic': 'Finance', 'relevance_score': '0.25'}]",0.141843,Neutral,"[{'ticker': 'GOOG', 'relevance_score': '0.06171', 'ticker_sentiment_score': '0.15907', 'ticker_sentiment_label': 'Somewhat-Bullish'}, {'ticker': 'META', 'relevance_score': '0.09245', 'ticker_sentiment_score': '0.166184', 'ticker_sentiment_label': 'Somewhat-Bullish'}, {'ticker': 'NVDA', 'relevance_score': '0.06171', 'ticker_sentiment_score': '0.15907', 'ticker_sentiment_label': 'Somewhat-Bullish'}, {'ticker': 'AAPL', 'relevance_score': '0.06171', 'ticker_sentiment_score': '0.15907', 'ticker_sentiment_label': 'Somewhat-Bullish'}, {'ticker': 'CSCO', 'relevance_score': '0.06171', 'ticker_sentiment_score': '0.082008', 'ticker_sentiment_label': 'Neutral'}, {'ticker': 'JPM', 'relevance_score': '0.06171', 'ticker_sentiment_score': '0.082008', 'ticker_sentiment_label': 'Neutral'}, {'ticker': 'BRK-A', 'relevance_score': '0.030878', 'ticker_sentiment_score': '0.076463', 'ticker_sentiment_label': 'Neutral'}, {'ticker': 'JHG', 'relevance_score': '0.06171', 'ticker_sentiment_score': '0.186205', 'ticker_sentiment_label': 'Somewhat-Bullish'}, {'ticker': 'AIU', 'relevance_score': '0.030878', 'ticker_sentiment_score': '0.146595', 'ticker_sentiment_label': 'Neutral'}, {'ticker': 'MSFT', 'relevance_score': '0.09245', 'ticker_sentiment_score': '0.12206', 'ticker_sentiment_label': 'Neutral'}, {'ticker': 'STT', 'relevance_score': '0.06171', 'ticker_sentiment_score': '0.054176', 'ticker_sentiment_label': 'Neutral'}, {'ticker': 'TSLA', 'relevance_score': '0.06171', 'ticker_sentiment_score': '0.15907', 'ticker_sentiment_label': 'Somewhat-Bullish'}, {'ticker': 'AMZN', 'relevance_score': '0.06171', 'ticker_sentiment_score': '0.117027', 'ticker_sentiment_label': 'Neutral'}, {'ticker': 'WMT', 'relevance_score': '0.06171', 'ticker_sentiment_score': '0.082008', 'ticker_sentiment_label': 'Neutral'}, {'ticker': 'CRYPTO:BTC', 'relevance_score': '0.030878', 'ticker_sentiment_score': '0.177662', 'ticker_sentiment_label': 'Somewhat-Bullish'}]"
Follow The Money: How To Invest In Tech Strength,https://www.investors.com/how-to-invest/heres-how-to-pick-the-right-etf-as-the-market-returns/,20231109T210100,"['MIKE JUANG', ""Investor's Business Daily""]",Apple Stock Rebounds: Investing In Tech Strength And Money Flows Investor's Business Daily ...,https://www.investors.com/wp-content/uploads/2023/04/Stock-applelogo-hand-01-adobe.jpg,Investors Business Daily,n/a,www.investors.com,"[{'topic': 'Financial Markets', 'relevance_score': '0.986564'}, {'topic': 'Manufacturing', 'relevance_score': '0.333333'}, {'topic': 'Technology', 'relevance_score': '0.333333'}, {'topic': 'Finance', 'relevance_score': '0.333333'}]",0.212146,Somewhat-Bullish,"[{'ticker': 'MSFT', 'relevance_score': '0.18967', 'ticker_sentiment_score': '0.187151', 'ticker_sentiment_label': 'Somewhat-Bullish'}, {'ticker': 'NVDA', 'relevance_score': '0.063763', 'ticker_sentiment_score': '0.3764', 'ticker_sentiment_label': 'Bullish'}, {'ticker': 'AAPL', 'relevance_score': '0.251032', 'ticker_sentiment_score': '0.24094', 'ticker_sentiment_label': 'Somewhat-Bullish'}, {'ticker': 'STT', 'relevance_score': '0.063763', 'ticker_sentiment_score': '0.0', 'ticker_sentiment_label': 'Neutral'}, {'ticker': 'CRYPTO:BTC', 'relevance_score': '0.063763', 'ticker_sentiment_score': '-0.182255', 'ticker_sentiment_label': 'Somewhat-Bearish'}]"
Follow The Money: How To Invest In Tech Strength,https://www.investors.com/how-to-invest/apple-stock-rebounds-investing-tech-strength-money-flows/,20231109T210100,"[""Investor's Business Daily"", 'MIKE JUANG']",Apple Stock Rebounds: Investing In Tech Strength And Money Flows Investor's Business Daily ...,https://www.investors.com/wp-content/uploads/2023/04/Stock-applelogo-hand-01-adobe.jpg,Investors Business Daily,n/a,www.investors.com,"[{'topic': 'Financial Markets', 'relevance_score': '0.986564'}, {'topic': 'Manufacturing', 'relevance_score': '0.333333'}, {'topic': 'Technology', 'relevance_score': '0.333333'}, {'topic': 'Finance', 'relevance_score': '0.333333'}]",0.212146,Somewhat-Bullish,"[{'ticker': 'MSFT', 'relevance_score': '0.18967', 'ticker_sentiment_score': '0.187151', 'ticker_sentiment_label': 'Somewhat-Bullish'}, {'ticker': 'NVDA', 'relevance_score': '0.063763', 'ticker_sentiment_score': '0.3764', 'ticker_sentiment_label': 'Bullish'}, {'ticker': 'AAPL', 'relevance_score': '0.251032', 'ticker_sentiment_score': '0.24094', 'ticker_sentiment_label': 'Somewhat-Bullish'}, {'ticker': 'STT', 'relevance_score': '0.063763', 'ticker_sentiment_score': '0.0', 'ticker_sentiment_label': 'Neutral'}, {'ticker': 'CRYPTO:BTC', 'relevance_score': '0.063763', 'ticker_sentiment_score': '-0.182255', 'ticker_sentiment_label': 'Somewhat-Bearish'}]"
Dow Jones Dives As Powell Gives This Inflation Warning; Tesla Stock Gets Hammered,https://www.investors.com/market-trend/stock-market-today/dow-jones-dives-as-fed-chair-jerome-powell-gives-this-inflation-warning-tesla-stock-gets-hammered-apple-stock-microsoft-stock/,20231109T202300,"[""Investor's Business Daily"", 'MICHAEL LARKIN']",Dow Jones Dives As Powell Gives This Inflation Warning. Tesla ... Investor's Business Daily ...,https://www.investors.com/wp-content/uploads/2022/06/Stock-jeromepowell2022-03-gov.jpg,Investors Business Daily,n/a,www.investors.com,"[{'topic': 'Life Sciences', 'relevance_score': '0.25'}, {'topic': 'Technology', 'relevance_score': '0.25'}, {'topic': 'Economy - Monetary', 'relevance_score': '0.890401'}, {'topic': 'Retail & Wholesale', 'relevance_score': '0.25'}, {'topic': 'Financial Markets', 'relevance_score': '1.0'}, {'topic': 'Manufacturing', 'relevance_score': '0.25'}, {'topic': 'Earnings', 'relevance_score': '0.967321'}]",-0.024365,Neutral,"[{'ticker': 'GOOG', 'relevance_score': '0.041975', 'ticker_sentiment_score': '0.0', 'ticker_sentiment_label': 'Neutral'}, {'ticker': 'META', 'relevance_score': '0.083833', 'ticker_sentiment_score': '-0.07293', 'ticker_sentiment_label': 'Neutral'}, {'ticker': 'NVDA', 'relevance_score': '0.12546', 'ticker_sentiment_score': '-0.008742', 'ticker_sentiment_label': 'Neutral'}, {'ticker': 'AAPL', 'relevance_score': '0.166743', 'ticker_sentiment_score': '-0.176527', 'ticker_sentiment_label': 'Somewhat-Bearish'}, {'ticker': 'WWD', 'relevance_score': '0.12546', 'ticker_sentiment_score': '0.144554', 'ticker_sentiment_label': 'Neutral'}, {'ticker': 'AMGN', 'relevance_score': '0.12546', 'ticker_sentiment_score': '-0.241261', 'ticker_sentiment_label': 'Somewhat-Bearish'}, {'ticker': 'MSFT', 'relevance_score': '0.12546', 'ticker_sentiment_score': '-0.083747', 'ticker_sentiment_label': 'Neutral'}, {'ticker': 'TSLA', 'relevance_score': '0.166743', 'ticker_sentiment_score': '-0.209552', 'ticker_sentiment_label': 'Somewhat-Bearish'}, {'ticker': 'TDG', 'relevance_score': '0.166743', 'ticker_sentiment_score': '0.280583', 'ticker_sentiment_label': 'Somewhat-Bullish'}, {'ticker': 'BDX', 'relevance_score': '0.083833', 'ticker_sentiment_score': '-0.233983', 'ticker_sentiment_label': 'Somewhat-Bearish'}, {'ticker': 'HD', 'relevance_score': '0.12546', 'ticker_sentiment_score': '-0.241261', 'ticker_sentiment_label': 'Somewhat-Bearish'}, {'ticker': 'JXNFL', 'relevance_score': '0.083833', 'ticker_sentiment_score': '0.019876', 'ticker_sentiment_label': 'Neutral'}, {'ticker': 'MRVL', 'relevance_score': '0.083833', 'ticker_sentiment_score': '-0.10929', 'ticker_sentiment_label': 'Neutral'}]"
